"index","prediction"
"1026777FFF2013B","Fail"
"103904DDD2013B","Pass"
"108330FFF2013B","Pass"
"108377BBB2013B","Pass"
"1087710CCC2014B","Fail"
"110529FFF2014B","Fail"
"1105628DDD2013B","Pass"
"112245DDD2013B","Pass"
"115452BBB2014B","Pass"
"116319GGG2014B","Pass"
"116603BBB2013B","Pass"
"117232CCC2014B","Pass"
"117281DDD2014B","Pass"
"117510FFF2014B","Pass"
"118532FFF2013B","Pass"
"118668FFF2013B","Pass"
"1187586CCC2014B","Pass"
"123462BBB2014B","Pass"
"125996FFF2013B","Pass"
"1268772EEE2014B","Pass"
"126912DDD2013B","Fail"
"128132FFF2014B","Pass"
"128510CCC2014B","Fail"
"129638CCC2014B","Fail"
"1311171DDD2013B","Pass"
"131145CCC2014B","Pass"
"131609DDD2013B","Fail"
"131820GGG2014B","Fail"
"132157FFF2014B","Pass"
"133155BBB2013B","Pass"
"1332356DDD2014B","Pass"
"133322FFF2014B","Pass"
"1337055FFF2013B","Pass"
"1347198FFF2013B","Pass"
"136944FFF2014B","Fail"
"139329GGG2014B","Pass"
"1398489FFF2014B","Pass"
"1413027GGG2014B","Pass"
"142324BBB2013B","Fail"
"1430804DDD2013B","Fail"
"1431750BBB2014B","Pass"
"1436558FFF2013B","Pass"
"1453691BBB2014B","Fail"
"145544BBB2013B","Pass"
"145640DDD2014B","Pass"
"1457691EEE2014B","Fail"
"1465407FFF2014B","Pass"
"1470291CCC2014B","Fail"
"148427BBB2014B","Pass"
"1493739CCC2014B","Pass"
"149567FFF2013B","Fail"
"1500950EEE2014B","Pass"
"150763FFF2013B","Pass"
"151549CCC2014B","Fail"
"151697BBB2013B","Pass"
"152153BBB2013B","Fail"
"152929BBB2013B","Fail"
"1531649DDD2014B","Fail"
"153212BBB2013B","Pass"
"1534854DDD2013B","Pass"
"153611FFF2014B","Pass"
"153704BBB2013B","Fail"
"154027BBB2013B","Pass"
"154540BBB2013B","Pass"
"154697DDD2014B","Fail"
"155067CCC2014B","Fail"
"155158FFF2014B","Pass"
"1560989BBB2014B","Fail"
"1561431CCC2014B","Fail"
"1562320FFF2013B","Fail"
"1584449DDD2013B","Fail"
"1591864DDD2014B","Pass"
"160005DDD2013B","Pass"
"160479GGG2014B","Pass"
"1612600DDD2014B","Pass"
"1622020DDD2013B","Pass"
"1624025DDD2014B","Pass"
"1626418DDD2013B","Pass"
"1632487CCC2014B","Pass"
"163332FFF2014B","Fail"
"1641117FFF2014B","Pass"
"165178DDD2014B","Fail"
"165243BBB2013B","Pass"
"165904BBB2014B","Pass"
"1664920DDD2013B","Pass"
"1668504CCC2014B","Fail"
"1671811DDD2014B","Pass"
"167759FFF2013B","Fail"
"167791CCC2014B","Pass"
"168243DDD2013B","Fail"
"1690836DDD2013B","Pass"
"1691815CCC2014B","Fail"
"1719566DDD2013B","Pass"
"1730702BBB2014B","Fail"
"173316BBB2013B","Fail"
"173335BBB2013B","Fail"
"1753965BBB2013B","Pass"
"1757662FFF2014B","Pass"
"1767786DDD2014B","Pass"
"177333DDD2013B","Pass"
"177967CCC2014B","Fail"
"1780737EEE2014B","Fail"
"1781834CCC2014B","Pass"
"1788974FFF2013B","Fail"
"1789199BBB2013B","Pass"
"179605BBB2013B","Fail"
"179892DDD2013B","Pass"
"180667DDD2013B","Pass"
"1828112CCC2014B","Fail"
"182824BBB2013B","Pass"
"1836988FFF2013B","Fail"
"183714DDD2013B","Pass"
"183806BBB2013B","Fail"
"1839012FFF2013B","Pass"
"1841267CCC2014B","Fail"
"1843026DDD2013B","Pass"
"184968DDD2013B","Fail"
"1855583CCC2014B","Pass"
"1858523BBB2013B","Fail"
"1860171GGG2014B","Pass"
"1861445FFF2013B","Fail"
"1861830EEE2014B","Pass"
"1863244BBB2014B","Fail"
"1864697BBB2014B","Pass"
"1874160DDD2014B","Pass"
"1882255FFF2013B","Pass"
"1894419CCC2014B","Fail"
"1903527BBB2013B","Pass"
"190352BBB2014B","Pass"
"1904710BBB2013B","Fail"
"1907755FFF2013B","Pass"
"1911513CCC2014B","Fail"
"1930146CCC2014B","Fail"
"193163CCC2014B","Fail"
"193822BBB2013B","Pass"
"1942999CCC2014B","Fail"
"1945240CCC2014B","Fail"
"1955634BBB2014B","Pass"
"1957682BBB2014B","Pass"
"1962854DDD2014B","Pass"
"198257FFF2013B","Fail"
"1986370DDD2014B","Pass"
"199520BBB2013B","Pass"
"1997164FFF2013B","Pass"
"1999952FFF2014B","Pass"
"2000491FFF2013B","Pass"
"200773FFF2013B","Pass"
"200905BBB2013B","Pass"
"2019837BBB2013B","Fail"
"202506DDD2013B","Fail"
"2026585EEE2014B","Pass"
"203108BBB2013B","Fail"
"2035022BBB2013B","Fail"
"203707FFF2013B","Pass"
"2045818FFF2013B","Pass"
"204996DDD2013B","Pass"
"2057105FFF2013B","Pass"
"2068918FFF2013B","Fail"
"2081955BBB2014B","Pass"
"2104426BBB2014B","Fail"
"2109119CCC2014B","Pass"
"2110039CCC2014B","Fail"
"2126013DDD2013B","Fail"
"2134237CCC2014B","Fail"
"2140087FFF2013B","Pass"
"2143065FFF2013B","Pass"
"2146936DDD2013B","Pass"
"2147620CCC2014B","Pass"
"2156172FFF2014B","Fail"
"2156514DDD2013B","Pass"
"2162388DDD2014B","Fail"
"2173572BBB2013B","Pass"
"2182255FFF2013B","Pass"
"2187422CCC2014B","Pass"
"2198914EEE2014B","Pass"
"2210318BBB2013B","Pass"
"2213424BBB2014B","Pass"
"2228206DDD2013B","Pass"
"2231018DDD2014B","Pass"
"2231961DDD2013B","Pass"
"2232218DDD2013B","Pass"
"2244724BBB2013B","Pass"
"2249372BBB2013B","Pass"
"2252963GGG2014B","Pass"
"2254619BBB2013B","Pass"
"2256318FFF2014B","Pass"
"2269480BBB2013B","Pass"
"2270880FFF2014B","Fail"
"227401FFF2013B","Pass"
"2279538BBB2013B","Fail"
"2281292DDD2013B","Pass"
"228138FFF2014B","Pass"
"228242DDD2013B","Pass"
"228272DDD2014B","Fail"
"228373DDD2014B","Fail"
"228784BBB2014B","Pass"
"2288607BBB2013B","Pass"
"2300911BBB2014B","Fail"
"2301111BBB2013B","Fail"
"230279FFF2013B","Pass"
"2303413FFF2014B","Pass"
"2305957DDD2014B","Fail"
"230684FFF2013B","Fail"
"230761CCC2014B","Pass"
"2308564BBB2014B","Pass"
"231019EEE2014B","Fail"
"231339CCC2014B","Pass"
"2322046BBB2013B","Fail"
"232675FFF2013B","Fail"
"2327494FFF2013B","Fail"
"2327494FFF2014B","Pass"
"2333244DDD2014B","Pass"
"2334930BBB2014B","Pass"
"2338422FFF2013B","Pass"
"2341415FFF2013B","Pass"
"2343293FFF2013B","Pass"
"2343413BBB2014B","Pass"
"2343809CCC2014B","Fail"
"2343809DDD2014B","Pass"
"2345438FFF2014B","Pass"
"2346679FFF2013B","Pass"
"235428DDD2013B","Pass"
"2354732FFF2013B","Fail"
"2355214FFF2014B","Fail"
"235584DDD2013B","Fail"
"236161BBB2014B","Pass"
"2362169FFF2013B","Pass"
"23629BBB2013B","Fail"
"236498DDD2013B","Pass"
"236620CCC2014B","Pass"
"236844FFF2013B","Pass"
"237370FFF2014B","Fail"
"2383307FFF2014B","Pass"
"2383921FFF2013B","Pass"
"2384687CCC2014B","Fail"
"2384819BBB2013B","Pass"
"2387054FFF2013B","Pass"
"2389754CCC2014B","Fail"
"2391004CCC2014B","Pass"
"2395804FFF2013B","Pass"
"240389DDD2013B","Pass"
"240389DDD2014B","Fail"
"2406709DDD2013B","Pass"
"2407762FFF2013B","Fail"
"2419081FFF2014B","Fail"
"2419115CCC2014B","Pass"
"242633DDD2014B","Fail"
"2436400DDD2014B","Pass"
"2436873FFF2013B","Fail"
"244114FFF2013B","Pass"
"2444088BBB2013B","Pass"
"2444703BBB2013B","Fail"
"2445088BBB2013B","Fail"
"2445949BBB2013B","Fail"
"2446144BBB2013B","Pass"
"2447528CCC2014B","Pass"
"244902CCC2014B","Fail"
"2451672DDD2013B","Pass"
"245404BBB2013B","Fail"
"2454878CCC2014B","Fail"
"2454933DDD2013B","Pass"
"2455893EEE2014B","Pass"
"2459878DDD2013B","Pass"
"2464963BBB2013B","Pass"
"2474925FFF2013B","Fail"
"2478799CCC2014B","Fail"
"2479086DDD2013B","Fail"
"2479413FFF2013B","Pass"
"2481482FFF2014B","Pass"
"2483179BBB2013B","Pass"
"2483568BBB2013B","Pass"
"2488251FFF2013B","Pass"
"2488713CCC2014B","Fail"
"249570FFF2013B","Fail"
"2498299BBB2013B","Pass"
"2502504DDD2013B","Pass"
"2503063CCC2014B","Pass"
"2507271FFF2013B","Fail"
"2512392BBB2013B","Pass"
"251385CCC2014B","Pass"
"2513954BBB2014B","Pass"
"2514431FFF2013B","Pass"
"25150EEE2014B","Pass"
"2520067EEE2014B","Fail"
"252041FFF2013B","Pass"
"2523146DDD2013B","Pass"
"2523350BBB2014B","Pass"
"252340BBB2013B","Fail"
"2523430BBB2014B","Pass"
"2523915FFF2014B","Pass"
"2526485GGG2014B","Pass"
"2526784BBB2014B","Pass"
"2527077DDD2014B","Fail"
"2529663CCC2014B","Fail"
"2531298DDD2013B","Fail"
"2532322DDD2013B","Pass"
"2532323FFF2013B","Pass"
"2532840FFF2013B","Fail"
"2536214DDD2013B","Fail"
"253859CCC2014B","Pass"
"2540362BBB2013B","Pass"
"254162FFF2013B","Fail"
"254325FFF2013B","Pass"
"2545113CCC2014B","Pass"
"255347BBB2013B","Pass"
"255878FFF2014B","Pass"
"255902DDD2013B","Pass"
"2561313FFF2014B","Pass"
"2564333CCC2014B","Fail"
"2567054FFF2013B","Pass"
"2567288FFF2013B","Pass"
"2567561FFF2013B","Pass"
"2568893FFF2013B","Fail"
"2569090CCC2014B","Fail"
"2569942FFF2014B","Pass"
"257104FFF2014B","Fail"
"2571447BBB2013B","Fail"
"2574365BBB2014B","Pass"
"2574825GGG2014B","Fail"
"2577437GGG2014B","Fail"
"2578992FFF2013B","Pass"
"2578996FFF2013B","Pass"
"2581800FFF2013B","Fail"
"2583997FFF2014B","Fail"
"2585285DDD2013B","Pass"
"2589352FFF2014B","Pass"
"2591421BBB2013B","Fail"
"2591974BBB2014B","Pass"
"2595457DDD2014B","Fail"
"2595665EEE2014B","Fail"
"2597543BBB2014B","Pass"
"2600887FFF2013B","Pass"
"2603195CCC2014B","Fail"
"2608235BBB2013B","Pass"
"260955BBB2014B","Fail"
"2609574BBB2014B","Fail"
"2609908DDD2014B","Fail"
"261265FFF2014B","Pass"
"2616950CCC2014B","Fail"
"2617596BBB2013B","Pass"
"2617999BBB2013B","Pass"
"2620636CCC2014B","Fail"
"2623263CCC2014B","Pass"
"2623427FFF2013B","Pass"
"262391CCC2014B","Fail"
"2626179DDD2013B","Pass"
"2629436CCC2014B","Pass"
"2632165EEE2014B","Pass"
"2658277GGG2014B","Pass"
"265855FFF2013B","Pass"
"2661162DDD2014B","Pass"
"2664301BBB2013B","Fail"
"2666213FFF2014B","Pass"
"266744BBB2014B","Fail"
"2676920FFF2013B","Pass"
"2677541BBB2014B","Fail"
"267761BBB2013B","Pass"
"268301BBB2014B","Pass"
"2686365DDD2014B","Fail"
"2686875FFF2013B","Pass"
"2692327CCC2014B","Pass"
"2692948DDD2014B","Fail"
"2695362GGG2014B","Pass"
"269593FFF2013B","Fail"
"269677FFF2013B","Fail"
"269730FFF2014B","Pass"
"271036BBB2013B","Pass"
"272580BBB2013B","Pass"
"275006BBB2014B","Fail"
"276265FFF2014B","Pass"
"277166DDD2014B","Fail"
"279883CCC2014B","Fail"
"281564BBB2013B","Pass"
"283230FFF2013B","Pass"
"283618DDD2013B","Pass"
"285391FFF2013B","Pass"
"288990BBB2013B","Fail"
"289108BBB2014B","Pass"
"289618FFF2013B","Pass"
"291133DDD2013B","Pass"
"29144BBB2013B","Pass"
"291805CCC2014B","Fail"
"291848BBB2014B","Fail"
"293686EEE2014B","Pass"
"295893CCC2014B","Fail"
"296232BBB2014B","Pass"
"298040DDD2013B","Pass"
"298322BBB2013B","Pass"
"300059CCC2014B","Fail"
"303288FFF2013B","Fail"
"30531FFF2014B","Pass"
"305876CCC2014B","Fail"
"306944DDD2014B","Fail"
"307158DDD2013B","Fail"
"308391EEE2014B","Fail"
"308767DDD2013B","Fail"
"311599BBB2014B","Pass"
"31663BBB2013B","Pass"
"317394FFF2014B","Pass"
"318241FFF2013B","Pass"
"318500BBB2014B","Pass"
"319209BBB2013B","Pass"
"319563FFF2013B","Pass"
"321096FFF2014B","Pass"
"321346BBB2014B","Pass"
"321810DDD2014B","Pass"
"322985FFF2013B","Pass"
"324257CCC2014B","Fail"
"326012BBB2013B","Fail"
"327616FFF2014B","Pass"
"328123DDD2014B","Fail"
"328476FFF2013B","Pass"
"329895FFF2014B","Fail"
"331318FFF2013B","Pass"
"331354BBB2013B","Pass"
"331844BBB2013B","Pass"
"333837BBB2013B","Fail"
"334023BBB2014B","Pass"
"334134FFF2013B","Fail"
"334294DDD2013B","Fail"
"335242FFF2013B","Pass"
"335607DDD2013B","Fail"
"336356BBB2014B","Pass"
"336362FFF2013B","Fail"
"338056BBB2013B","Pass"
"338861BBB2013B","Fail"
"339379BBB2013B","Pass"
"339513DDD2014B","Pass"
"339855FFF2014B","Fail"
"340399DDD2013B","Fail"
"340496FFF2013B","Pass"
"342017BBB2014B","Fail"
"34353BBB2013B","Pass"
"34431BBB2013B","Fail"
"345442FFF2014B","Fail"
"347365DDD2014B","Fail"
"348790DDD2013B","Pass"
"351328CCC2014B","Fail"
"351512DDD2013B","Pass"
"351543BBB2013B","Fail"
"352161BBB2013B","Fail"
"353352BBB2013B","Fail"
"35340EEE2014B","Pass"
"353953EEE2014B","Pass"
"353979FFF2014B","Fail"
"354895BBB2013B","Fail"
"356386BBB2014B","Fail"
"358808FFF2013B","Fail"
"359156FFF2013B","Pass"
"360492DDD2013B","Pass"
"361209DDD2013B","Pass"
"361603BBB2013B","Pass"
"362037DDD2013B","Pass"
"362374DDD2013B","Pass"
"362668FFF2013B","Pass"
"365488BBB2013B","Fail"
"365707BBB2013B","Pass"
"365782DDD2013B","Pass"
"367609BBB2013B","Pass"
"368675FFF2014B","Pass"
"368886FFF2013B","Pass"
"369715BBB2014B","Fail"
"370312FFF2013B","Pass"
"370336CCC2014B","Fail"
"371044DDD2013B","Pass"
"371679BBB2013B","Pass"
"371787FFF2013B","Pass"
"374756CCC2014B","Pass"
"375711BBB2014B","Fail"
"377244FFF2013B","Pass"
"378462BBB2013B","Pass"
"378728DDD2014B","Pass"
"378953DDD2013B","Pass"
"379406CCC2014B","Pass"
"380184BBB2014B","Fail"
"380894GGG2014B","Pass"
"381533BBB2014B","Pass"
"382339DDD2013B","Fail"
"383347CCC2014B","Pass"
"383347DDD2013B","Pass"
"383701DDD2013B","Fail"
"383748FFF2013B","Fail"
"383921FFF2014B","Pass"
"383967BBB2014B","Pass"
"384246DDD2013B","Pass"
"384636BBB2014B","Fail"
"385228GGG2014B","Pass"
"385387CCC2014B","Pass"
"386140DDD2014B","Fail"
"386849DDD2014B","Fail"
"387294GGG2014B","Pass"
"387702BBB2013B","Fail"
"387963DDD2014B","Pass"
"389362DDD2013B","Fail"
"389369BBB2013B","Pass"
"390210DDD2013B","Pass"
"390440FFF2013B","Fail"
"390442BBB2013B","Pass"
"391114FFF2014B","Pass"
"391343FFF2013B","Fail"
"391611DDD2014B","Fail"
"391891FFF2013B","Pass"
"393488EEE2014B","Fail"
"394480BBB2014B","Fail"
"394937FFF2013B","Pass"
"395288DDD2013B","Fail"
"39655BBB2013B","Pass"
"396633DDD2013B","Pass"
"397405DDD2013B","Pass"
"398487CCC2014B","Pass"
"398656FFF2013B","Pass"
"400010FFF2013B","Fail"
"400087FFF2013B","Pass"
"400469BBB2013B","Pass"
"402449FFF2014B","Pass"
"403093BBB2013B","Fail"
"404135FFF2013B","Pass"
"405268BBB2014B","Pass"
"406541DDD2013B","Pass"
"407500FFF2014B","Pass"
"408105FFF2014B","Fail"
"408112BBB2013B","Pass"
"408372FFF2013B","Pass"
"409091DDD2013B","Pass"
"409651FFF2014B","Pass"
"410407CCC2014B","Pass"
"410739BBB2013B","Pass"
"410874FFF2013B","Fail"
"410886DDD2013B","Pass"
"411060DDD2014B","Fail"
"413083CCC2014B","Fail"
"413891EEE2014B","Fail"
"41414GGG2014B","Pass"
"414258FFF2014B","Pass"
"414304DDD2013B","Pass"
"414958BBB2013B","Pass"
"415695DDD2014B","Fail"
"415818GGG2014B","Fail"
"416008DDD2013B","Fail"
"417547EEE2014B","Fail"
"417684BBB2014B","Pass"
"417820CCC2014B","Fail"
"418065BBB2013B","Fail"
"418971CCC2014B","Fail"
"419233CCC2014B","Fail"
"419284FFF2014B","Pass"
"419565FFF2013B","Fail"
"420333EEE2014B","Fail"
"420345CCC2014B","Fail"
"420388DDD2013B","Pass"
"420604BBB2013B","Fail"
"420935CCC2014B","Pass"
"421205BBB2013B","Fail"
"421209CCC2014B","Pass"
"422061FFF2013B","Pass"
"422340FFF2013B","Pass"
"422768DDD2013B","Pass"
"423314BBB2013B","Fail"
"423386DDD2013B","Pass"
"424014BBB2014B","Pass"
"425136DDD2013B","Fail"
"425287CCC2014B","Fail"
"426059DDD2013B","Pass"
"427348FFF2013B","Pass"
"428979FFF2013B","Pass"
"429494BBB2013B","Fail"
"430516FFF2014B","Fail"
"431268FFF2013B","Pass"
"431386CCC2014B","Fail"
"431406DDD2014B","Pass"
"432532FFF2013B","Pass"
"434002DDD2014B","Pass"
"435423DDD2013B","Pass"
"438313CCC2014B","Fail"
"438323FFF2013B","Pass"
"438796CCC2014B","Fail"
"439109BBB2014B","Fail"
"439433FFF2014B","Pass"
"440323CCC2014B","Fail"
"440798DDD2014B","Fail"
"441073FFF2014B","Fail"
"441213DDD2014B","Pass"
"441302DDD2013B","Pass"
"441393DDD2014B","Fail"
"441954FFF2013B","Pass"
"442183BBB2013B","Pass"
"442561GGG2014B","Pass"
"442865DDD2013B","Pass"
"442877GGG2014B","Pass"
"442949GGG2014B","Fail"
"443696FFF2013B","Pass"
"443842DDD2013B","Fail"
"443861DDD2014B","Pass"
"443948EEE2014B","Pass"
"443950FFF2013B","Pass"
"444197EEE2014B","Pass"
"444574FFF2014B","Pass"
"444576DDD2013B","Pass"
"445947FFF2014B","Pass"
"446296BBB2014B","Fail"
"447184BBB2014B","Pass"
"447790BBB2013B","Fail"
"464236CCC2014B","Pass"
"464685DDD2014B","Pass"
"464724EEE2014B","Pass"
"464785FFF2013B","Pass"
"465068DDD2013B","Fail"
"465599BBB2013B","Pass"
"466714CCC2014B","Fail"
"466810BBB2013B","Pass"
"467100BBB2014B","Pass"
"467413DDD2013B","Pass"
"467582FFF2014B","Pass"
"467756BBB2013B","Fail"
"467822DDD2013B","Pass"
"467894CCC2014B","Fail"
"468497FFF2013B","Fail"
"468529BBB2014B","Fail"
"468792BBB2013B","Fail"
"468949BBB2013B","Pass"
"469154FFF2013B","Pass"
"469425DDD2014B","Fail"
"469761EEE2014B","Pass"
"469977FFF2014B","Pass"
"470113BBB2014B","Pass"
"471925BBB2014B","Pass"
"471977FFF2013B","Pass"
"472120FFF2014B","Pass"
"472309CCC2014B","Fail"
"472348BBB2013B","Fail"
"472810FFF2013B","Fail"
"472810FFF2014B","Fail"
"473081FFF2013B","Fail"
"473095BBB2014B","Fail"
"473640DDD2013B","Fail"
"473965DDD2013B","Pass"
"475149CCC2014B","Fail"
"475556CCC2014B","Fail"
"475681FFF2013B","Fail"
"475688BBB2013B","Pass"
"476037BBB2014B","Fail"
"476041DDD2013B","Pass"
"476369BBB2013B","Pass"
"476596BBB2013B","Pass"
"476710BBB2013B","Pass"
"477451DDD2013B","Pass"
"477517DDD2013B","Pass"
"477588FFF2014B","Pass"
"478212CCC2014B","Fail"
"478213DDD2013B","Pass"
"478317BBB2014B","Fail"
"478444BBB2013B","Pass"
"478685FFF2013B","Fail"
"478744DDD2013B","Fail"
"478791EEE2014B","Pass"
"478977CCC2014B","Fail"
"479061FFF2014B","Pass"
"479356FFF2013B","Pass"
"479607CCC2014B","Fail"
"479607EEE2014B","Fail"
"479649DDD2014B","Fail"
"479738BBB2014B","Pass"
"479922FFF2013B","Pass"
"480086GGG2014B","Pass"
"480181FFF2013B","Fail"
"480507BBB2013B","Pass"
"480590GGG2014B","Pass"
"480929DDD2013B","Pass"
"481150BBB2014B","Pass"
"483275DDD2013B","Pass"
"483582GGG2014B","Fail"
"484075FFF2014B","Pass"
"484165FFF2013B","Fail"
"484458FFF2013B","Pass"
"484762DDD2014B","Fail"
"484790FFF2013B","Pass"
"484816DDD2013B","Fail"
"484983BBB2014B","Pass"
"484999DDD2013B","Fail"
"485312FFF2014B","Pass"
"485528FFF2013B","Pass"
"485630BBB2013B","Pass"
"485675BBB2014B","Fail"
"485768FFF2013B","Pass"
"485780FFF2014B","Pass"
"486007FFF2013B","Pass"
"486022DDD2014B","Pass"
"486279GGG2014B","Pass"
"486378CCC2014B","Fail"
"487168FFF2014B","Fail"
"487247DDD2013B","Fail"
"487646BBB2013B","Fail"
"488185BBB2013B","Fail"
"488477BBB2013B","Fail"
"488524FFF2014B","Pass"
"488758FFF2014B","Fail"
"488968FFF2013B","Pass"
"490024CCC2014B","Pass"
"490081CCC2014B","Pass"
"490282CCC2014B","Pass"
"49119DDD2014B","Fail"
"491742CCC2014B","Fail"
"492182BBB2013B","Pass"
"492537DDD2014B","Fail"
"492909GGG2014B","Pass"
"492928BBB2014B","Pass"
"493377BBB2013B","Fail"
"493559BBB2014B","Pass"
"494329DDD2014B","Fail"
"494866FFF2013B","Fail"
"495320CCC2014B","Fail"
"495976GGG2014B","Pass"
"496243BBB2013B","Fail"
"496470FFF2013B","Pass"
"496491FFF2013B","Pass"
"496542DDD2013B","Pass"
"496671FFF2013B","Pass"
"497872BBB2014B","Fail"
"498006FFF2014B","Pass"
"498363DDD2014B","Fail"
"498636FFF2013B","Fail"
"499067BBB2013B","Fail"
"499813FFF2014B","Pass"
"500136DDD2013B","Pass"
"500395BBB2014B","Fail"
"500522DDD2013B","Fail"
"501339CCC2014B","Fail"
"501443CCC2014B","Fail"
"501493FFF2013B","Fail"
"501879BBB2013B","Pass"
"502057DDD2014B","Pass"
"502161DDD2014B","Fail"
"502554CCC2014B","Pass"
"502554DDD2013B","Pass"
"502640EEE2014B","Fail"
"502709GGG2014B","Pass"
"502713BBB2013B","Pass"
"502717BBB2013B","Pass"
"503183FFF2014B","Pass"
"503368DDD2013B","Pass"
"503390BBB2013B","Fail"
"503509BBB2013B","Pass"
"503668FFF2013B","Fail"
"503872EEE2014B","Fail"
"503926DDD2013B","Pass"
"504583FFF2014B","Fail"
"504652EEE2014B","Fail"
"504728EEE2014B","Fail"
"504956FFF2013B","Fail"
"505002FFF2013B","Fail"
"505131FFF2014B","Fail"
"505767EEE2014B","Pass"
"505815CCC2014B","Fail"
"505959BBB2013B","Pass"
"505961BBB2013B","Pass"
"506206CCC2014B","Pass"
"506753BBB2013B","Pass"
"506767DDD2013B","Pass"
"506785DDD2013B","Pass"
"507034CCC2014B","Pass"
"507034FFF2013B","Pass"
"508470BBB2014B","Pass"
"508572FFF2013B","Pass"
"508662BBB2013B","Pass"
"509029CCC2014B","Pass"
"509226BBB2013B","Pass"
"509768BBB2013B","Pass"
"510027FFF2013B","Fail"
"510141BBB2013B","Fail"
"510845BBB2013B","Fail"
"511492GGG2014B","Fail"
"511524BBB2013B","Pass"
"511527BBB2013B","Fail"
"511657CCC2014B","Fail"
"512353CCC2014B","Fail"
"512404DDD2013B","Fail"
"512929BBB2013B","Pass"
"512961FFF2013B","Fail"
"513268FFF2013B","Pass"
"513415DDD2014B","Fail"
"513687DDD2014B","Fail"
"513701FFF2014B","Pass"
"513773DDD2013B","Pass"
"513957DDD2014B","Fail"
"514031BBB2014B","Pass"
"514300DDD2013B","Fail"
"514913FFF2013B","Fail"
"514987BBB2013B","Pass"
"515035BBB2013B","Fail"
"515046CCC2014B","Pass"
"515278CCC2014B","Fail"
"515474BBB2013B","Pass"
"515497BBB2013B","Fail"
"515595DDD2013B","Pass"
"515844FFF2013B","Fail"
"515959BBB2013B","Pass"
"515965FFF2014B","Fail"
"516024CCC2014B","Pass"
"516281DDD2013B","Pass"
"516318DDD2014B","Fail"
"516398DDD2013B","Pass"
"516496CCC2014B","Fail"
"517274FFF2014B","Pass"
"517474BBB2013B","Pass"
"517617BBB2013B","Pass"
"517646DDD2013B","Pass"
"517726DDD2013B","Fail"
"518711BBB2014B","Fail"
"519078BBB2014B","Pass"
"519084BBB2014B","Fail"
"519102DDD2013B","Pass"
"519155FFF2013B","Fail"
"519510FFF2013B","Pass"
"519800BBB2013B","Pass"
"520073FFF2013B","Fail"
"520588CCC2014B","Pass"
"521096BBB2013B","Pass"
"521297CCC2014B","Pass"
"521742DDD2013B","Pass"
"522087BBB2014B","Pass"
"522090BBB2013B","Pass"
"522484CCC2014B","Fail"
"522525EEE2014B","Pass"
"522654DDD2013B","Pass"
"523142FFF2013B","Pass"
"523427GGG2014B","Fail"
"523700FFF2013B","Pass"
"523710CCC2014B","Fail"
"523966BBB2013B","Pass"
"523978DDD2014B","Fail"
"524020DDD2013B","Fail"
"524261DDD2013B","Pass"
"525066DDD2013B","Pass"
"525683BBB2013B","Pass"
"525832CCC2014B","Pass"
"525942BBB2014B","Pass"
"526547CCC2014B","Fail"
"526818FFF2013B","Pass"
"527227BBB2013B","Pass"
"527313BBB2013B","Fail"
"527601FFF2013B","Fail"
"527964CCC2014B","Pass"
"528066CCC2014B","Pass"
"528075FFF2013B","Pass"
"528083CCC2014B","Fail"
"528184DDD2013B","Pass"
"528220BBB2013B","Fail"
"528424FFF2013B","Fail"
"528509FFF2013B","Pass"
"528517FFF2013B","Pass"
"528649BBB2013B","Fail"
"528698BBB2013B","Pass"
"528782FFF2013B","Fail"
"528918BBB2013B","Fail"
"528992FFF2013B","Pass"
"529065BBB2013B","Pass"
"529304EEE2014B","Fail"
"529366FFF2013B","Pass"
"529525DDD2013B","Fail"
"529762FFF2013B","Pass"
"529871FFF2013B","Pass"
"529991FFF2013B","Pass"
"530196FFF2014B","Fail"
"530493BBB2013B","Fail"
"530748DDD2013B","Pass"
"531077FFF2013B","Pass"
"531205BBB2013B","Fail"
"531294FFF2013B","Pass"
"531448FFF2013B","Fail"
"531634BBB2013B","Fail"
"531709FFF2013B","Pass"
"531755BBB2014B","Pass"
"531845EEE2014B","Fail"
"532020CCC2014B","Pass"
"532062FFF2014B","Fail"
"532194DDD2014B","Pass"
"532267DDD2013B","Pass"
"532413FFF2014B","Pass"
"532464FFF2013B","Fail"
"532491DDD2013B","Pass"
"532531EEE2014B","Fail"
"532859CCC2014B","Fail"
"533054GGG2014B","Pass"
"533217FFF2014B","Pass"
"533321FFF2013B","Pass"
"533347BBB2013B","Pass"
"533348FFF2013B","Fail"
"533522DDD2013B","Fail"
"533709FFF2013B","Fail"
"533839BBB2013B","Pass"
"533929FFF2013B","Pass"
"533969BBB2013B","Fail"
"533996BBB2013B","Fail"
"534037FFF2013B","Pass"
"534203DDD2013B","Pass"
"534343BBB2013B","Pass"
"534709BBB2013B","Fail"
"534777DDD2013B","Fail"
"534910DDD2013B","Pass"
"534913FFF2013B","Pass"
"534944FFF2013B","Fail"
"535052FFF2013B","Fail"
"535152BBB2013B","Fail"
"535155BBB2013B","Fail"
"535460FFF2013B","Fail"
"535506BBB2014B","Pass"
"535605BBB2013B","Pass"
"535628FFF2013B","Pass"
"535707DDD2013B","Fail"
"535799DDD2013B","Pass"
"535800BBB2013B","Pass"
"536038FFF2013B","Fail"
"536147FFF2013B","Fail"
"536170DDD2013B","Pass"
"536210DDD2013B","Fail"
"536214FFF2013B","Pass"
"536681FFF2013B","Pass"
"536843FFF2013B","Fail"
"53709FFF2014B","Pass"
"537139DDD2013B","Pass"
"537171BBB2014B","Pass"
"537473BBB2013B","Pass"
"537488BBB2013B","Pass"
"537606CCC2014B","Fail"
"537622CCC2014B","Fail"
"537703FFF2014B","Pass"
"537955FFF2013B","Pass"
"538131DDD2013B","Pass"
"538138BBB2013B","Fail"
"538251DDD2013B","Pass"
"538887CCC2014B","Fail"
"539043DDD2013B","Pass"
"539142DDD2013B","Fail"
"539219FFF2013B","Fail"
"539328DDD2013B","Pass"
"539345BBB2013B","Pass"
"539359FFF2013B","Pass"
"539364FFF2013B","Fail"
"539401FFF2014B","Fail"
"539440FFF2013B","Pass"
"539444FFF2014B","Pass"
"539558BBB2013B","Pass"
"539784CCC2014B","Pass"
"539872DDD2014B","Fail"
"539894BBB2014B","Pass"
"539963FFF2013B","Pass"
"540155FFF2013B","Fail"
"540209FFF2013B","Pass"
"540513BBB2013B","Pass"
"540530BBB2013B","Fail"
"540549FFF2013B","Pass"
"540750BBB2013B","Pass"
"540758DDD2013B","Pass"
"540758DDD2014B","Pass"
"540920DDD2013B","Fail"
"541044GGG2014B","Fail"
"541184CCC2014B","Fail"
"541281FFF2014B","Fail"
"541327FFF2014B","Fail"
"541697BBB2013B","Pass"
"541973BBB2013B","Fail"
"542012BBB2013B","Fail"
"542259BBB2013B","Fail"
"542466BBB2014B","Pass"
"542562GGG2014B","Pass"
"542635FFF2013B","Pass"
"542663BBB2013B","Fail"
"542748BBB2013B","Pass"
"543054FFF2013B","Fail"
"543124BBB2013B","Pass"
"543155FFF2013B","Fail"
"543165BBB2013B","Pass"
"543202DDD2013B","Pass"
"543351BBB2013B","Pass"
"543415FFF2013B","Pass"
"543417CCC2014B","Fail"
"543510DDD2013B","Pass"
"543533BBB2013B","Fail"
"543536FFF2013B","Fail"
"543678CCC2014B","Pass"
"543818FFF2013B","Fail"
"543924EEE2014B","Fail"
"544017BBB2013B","Fail"
"544091DDD2013B","Pass"
"544108FFF2014B","Pass"
"544186BBB2013B","Pass"
"544249FFF2013B","Pass"
"544295FFF2013B","Pass"
"544313FFF2013B","Pass"
"544455BBB2013B","Pass"
"544499DDD2014B","Fail"
"544603DDD2013B","Pass"
"544632BBB2013B","Pass"
"544697FFF2013B","Fail"
"544859BBB2013B","Pass"
"544930FFF2013B","Fail"
"544978BBB2013B","Fail"
"545118DDD2013B","Pass"
"545146BBB2014B","Pass"
"545223BBB2013B","Pass"
"545229FFF2013B","Pass"
"545665GGG2014B","Pass"
"545918FFF2013B","Fail"
"545993DDD2013B","Pass"
"546000DDD2013B","Fail"
"546074DDD2013B","Pass"
"546348FFF2013B","Pass"
"546403DDD2013B","Fail"
"546403DDD2014B","Fail"
"546439FFF2013B","Pass"
"546533BBB2013B","Pass"
"546563FFF2013B","Pass"
"546583FFF2013B","Pass"
"546584DDD2014B","Pass"
"546609BBB2013B","Pass"
"546632BBB2013B","Pass"
"546654DDD2014B","Pass"
"546780FFF2013B","Fail"
"546804DDD2013B","Pass"
"546830DDD2013B","Pass"
"546868FFF2013B","Fail"
"546932FFF2013B","Pass"
"547259BBB2013B","Pass"
"547372BBB2013B","Fail"
"547400FFF2013B","Pass"
"547413FFF2014B","Pass"
"547427BBB2013B","Pass"
"547486DDD2013B","Fail"
"547506FFF2014B","Pass"
"547685EEE2014B","Fail"
"547784DDD2013B","Pass"
"547841BBB2013B","Pass"
"547892BBB2013B","Pass"
"547986DDD2013B","Pass"
"548069DDD2013B","Pass"
"548132DDD2013B","Fail"
"548261CCC2014B","Fail"
"548307BBB2013B","Fail"
"548312FFF2013B","Pass"
"548415FFF2013B","Pass"
"548573FFF2013B","Pass"
"548677DDD2013B","Pass"
"548714BBB2013B","Pass"
"548869DDD2013B","Fail"
"548872DDD2013B","Fail"
"548969FFF2013B","Fail"
"548996DDD2013B","Pass"
"549149FFF2013B","Fail"
"549160DDD2014B","Fail"
"549196BBB2013B","Pass"
"549261BBB2013B","Pass"
"549354DDD2013B","Fail"
"549420FFF2013B","Pass"
"549504FFF2013B","Fail"
"549792FFF2013B","Fail"
"549897DDD2013B","Fail"
"549898FFF2013B","Pass"
"549907BBB2013B","Fail"
"549951CCC2014B","Pass"
"550003FFF2014B","Fail"
"550026FFF2013B","Pass"
"550142DDD2013B","Fail"
"550183DDD2013B","Fail"
"550246FFF2013B","Fail"
"550371DDD2013B","Fail"
"550428BBB2013B","Fail"
"550495FFF2013B","Pass"
"550520BBB2013B","Pass"
"550668BBB2013B","Pass"
"550708BBB2013B","Pass"
"550736FFF2013B","Pass"
"550762DDD2013B","Pass"
"550787FFF2013B","Pass"
"550866FFF2013B","Fail"
"550898BBB2013B","Fail"
"550909FFF2013B","Fail"
"550925FFF2014B","Pass"
"550961FFF2013B","Fail"
"550974DDD2013B","Fail"
"551027FFF2013B","Pass"
"551061FFF2013B","Fail"
"551282BBB2013B","Pass"
"551334DDD2013B","Pass"
"551478CCC2014B","Pass"
"551573DDD2013B","Pass"
"551666DDD2013B","Fail"
"551895BBB2013B","Pass"
"552003DDD2014B","Pass"
"552110BBB2013B","Pass"
"552234CCC2014B","Fail"
"552509GGG2014B","Fail"
"552635DDD2013B","Pass"
"552648FFF2014B","Pass"
"552701BBB2013B","Pass"
"552718BBB2013B","Fail"
"552894BBB2013B","Pass"
"552914BBB2013B","Pass"
"553125BBB2013B","Pass"
"553160FFF2014B","Fail"
"553275DDD2013B","Pass"
"553404FFF2013B","Fail"
"553462BBB2013B","Pass"
"553500FFF2013B","Pass"
"553655CCC2014B","Pass"
"553655FFF2013B","Pass"
"553807BBB2014B","Fail"
"553813FFF2013B","Fail"
"553831FFF2013B","Pass"
"553878FFF2013B","Pass"
"553964DDD2013B","Pass"
"554044FFF2013B","Pass"
"554068BBB2013B","Fail"
"554083BBB2013B","Pass"
"554203BBB2013B","Fail"
"554205DDD2013B","Pass"
"554226BBB2013B","Pass"
"554294BBB2013B","Fail"
"554470CCC2014B","Fail"
"554545BBB2013B","Fail"
"554574DDD2013B","Pass"
"554818BBB2013B","Fail"
"554852FFF2013B","Pass"
"554881DDD2013B","Pass"
"554919FFF2013B","Pass"
"554940FFF2013B","Pass"
"554951CCC2014B","Pass"
"554969BBB2014B","Pass"
"555132DDD2014B","Fail"
"555263BBB2013B","Pass"
"555349FFF2013B","Pass"
"555360DDD2013B","Fail"
"555408DDD2014B","Fail"
"555414BBB2013B","Pass"
"555446DDD2014B","Fail"
"555672BBB2013B","Pass"
"555695BBB2013B","Pass"
"555706CCC2014B","Pass"
"555720BBB2014B","Fail"
"555740DDD2013B","Pass"
"555860BBB2014B","Fail"
"556093DDD2013B","Fail"
"556121FFF2013B","Fail"
"556126FFF2013B","Fail"
"556153FFF2013B","Fail"
"556185DDD2013B","Pass"
"556308DDD2013B","Fail"
"556318BBB2013B","Fail"
"556351FFF2013B","Fail"
"556369DDD2013B","Fail"
"556463GGG2014B","Fail"
"556553BBB2013B","Pass"
"556568BBB2013B","Fail"
"556587CCC2014B","Fail"
"556660DDD2013B","Pass"
"556774DDD2013B","Pass"
"556835DDD2013B","Pass"
"556871BBB2013B","Pass"
"556878BBB2013B","Pass"
"556918CCC2014B","Fail"
"556924FFF2013B","Pass"
"556959BBB2013B","Pass"
"556992BBB2013B","Pass"
"557006BBB2013B","Fail"
"557032BBB2013B","Pass"
"557060BBB2013B","Pass"
"557177FFF2013B","Pass"
"557351BBB2013B","Fail"
"557358DDD2013B","Pass"
"557622BBB2013B","Pass"
"557700CCC2014B","Fail"
"557710FFF2013B","Pass"
"557735FFF2013B","Pass"
"557742DDD2013B","Pass"
"557764DDD2013B","Pass"
"557787FFF2013B","Pass"
"557877FFF2013B","Pass"
"557935BBB2013B","Fail"
"557979BBB2013B","Fail"
"558029DDD2014B","Pass"
"558040BBB2013B","Pass"
"558068BBB2013B","Pass"
"558098FFF2013B","Pass"
"558099BBB2013B","Pass"
"558113BBB2013B","Pass"
"558121FFF2014B","Pass"
"558280FFF2013B","Pass"
"558324BBB2013B","Fail"
"558404FFF2014B","Fail"
"558558FFF2013B","Pass"
"558602BBB2013B","Fail"
"558645DDD2013B","Pass"
"558678DDD2013B","Pass"
"558689BBB2013B","Pass"
"558769BBB2013B","Pass"
"558914DDD2013B","Pass"
"558963FFF2013B","Pass"
"559081DDD2013B","Pass"
"559282DDD2013B","Pass"
"559350BBB2013B","Pass"
"559405FFF2013B","Pass"
"559410DDD2013B","Fail"
"559440FFF2013B","Pass"
"559451FFF2013B","Fail"
"559495BBB2013B","Pass"
"559496FFF2013B","Fail"
"559518EEE2014B","Fail"
"559573BBB2014B","Pass"
"559612DDD2013B","Pass"
"559672DDD2013B","Pass"
"559785FFF2013B","Pass"
"559823DDD2013B","Fail"
"559872DDD2014B","Fail"
"559977EEE2014B","Fail"
"560072FFF2013B","Pass"
"560114DDD2013B","Pass"
"560208BBB2013B","Fail"
"560260DDD2013B","Pass"
"560311DDD2013B","Pass"
"560347DDD2013B","Pass"
"560381DDD2013B","Pass"
"560404FFF2013B","Pass"
"560425FFF2013B","Pass"
"560455BBB2013B","Pass"
"560468BBB2013B","Pass"
"560494CCC2014B","Pass"
"560496FFF2014B","Pass"
"560585FFF2013B","Pass"
"560685FFF2014B","Fail"
"561215FFF2014B","Fail"
"561343BBB2013B","Pass"
"561437BBB2013B","Pass"
"561458BBB2013B","Pass"
"561503DDD2014B","Fail"
"561713BBB2013B","Pass"
"562857BBB2014B","Pass"
"563878BBB2013B","Pass"
"563879BBB2013B","Pass"
"563986BBB2014B","Pass"
"564700CCC2014B","Fail"
"565009BBB2014B","Fail"
"565373FFF2014B","Pass"
"565469FFF2014B","Fail"
"565838CCC2014B","Fail"
"566185CCC2014B","Fail"
"566422EEE2014B","Pass"
"566460FFF2014B","Fail"
"566715CCC2014B","Fail"
"567048BBB2014B","Pass"
"567595DDD2014B","Pass"
"569065FFF2014B","Pass"
"569074BBB2014B","Fail"
"569663BBB2014B","Pass"
"569664BBB2014B","Pass"
"570113CCC2014B","Fail"
"570186BBB2014B","Fail"
"570627BBB2014B","Pass"
"570872CCC2014B","Pass"
"571025EEE2014B","Fail"
"571089GGG2014B","Pass"
"571316FFF2014B","Pass"
"571540BBB2014B","Pass"
"571880BBB2014B","Pass"
"571897BBB2014B","Pass"
"571992CCC2014B","Fail"
"572036CCC2014B","Pass"
"572154FFF2014B","Pass"
"572187BBB2014B","Pass"
"572401CCC2014B","Fail"
"572438CCC2014B","Pass"
"573108BBB2014B","Pass"
"573166CCC2014B","Fail"
"573235DDD2014B","Fail"
"573323BBB2014B","Pass"
"573377CCC2014B","Fail"
"573440CCC2014B","Pass"
"573806BBB2014B","Pass"
"574190DDD2014B","Fail"
"574283CCC2014B","Fail"
"574529CCC2014B","Fail"
"574637EEE2014B","Pass"
"575199GGG2014B","Pass"
"575217GGG2014B","Pass"
"575287CCC2014B","Fail"
"576383CCC2014B","Pass"
"576584DDD2014B","Fail"
"577136GGG2014B","Pass"
"577245CCC2014B","Pass"
"577304BBB2014B","Fail"
"577502CCC2014B","Pass"
"577527BBB2014B","Pass"
"577792GGG2014B","Pass"
"577905BBB2014B","Fail"
"578541EEE2014B","Pass"
"578958CCC2014B","Fail"
"580688BBB2014B","Pass"
"580768CCC2014B","Fail"
"581222BBB2014B","Pass"
"581648DDD2014B","Pass"
"581676EEE2014B","Pass"
"582094EEE2014B","Fail"
"582479DDD2014B","Pass"
"582553FFF2014B","Pass"
"582742BBB2014B","Pass"
"582879CCC2014B","Pass"
"583053DDD2014B","Pass"
"583192CCC2014B","Pass"
"584191CCC2014B","Pass"
"584940CCC2014B","Pass"
"585393EEE2014B","Pass"
"585454FFF2014B","Pass"
"585727BBB2014B","Fail"
"585900CCC2014B","Fail"
"586054GGG2014B","Fail"
"586494GGG2014B","Pass"
"586543FFF2014B","Fail"
"586876DDD2014B","Pass"
"587323EEE2014B","Fail"
"587403DDD2014B","Fail"
"587633DDD2014B","Fail"
"587911CCC2014B","Pass"
"588182DDD2014B","Fail"
"588402CCC2014B","Pass"
"588473CCC2014B","Pass"
"588707CCC2014B","Pass"
"588752DDD2014B","Fail"
"589009GGG2014B","Fail"
"589029FFF2014B","Pass"
"589333BBB2014B","Pass"
"589469FFF2014B","Fail"
"589722CCC2014B","Fail"
"589973GGG2014B","Fail"
"589997BBB2014B","Pass"
"590541DDD2014B","Pass"
"590877CCC2014B","Fail"
"591388CCC2014B","Pass"
"591958CCC2014B","Pass"
"592093CCC2014B","Fail"
"592259CCC2014B","Fail"
"592407CCC2014B","Fail"
"592666EEE2014B","Fail"
"592725BBB2014B","Pass"
"592776CCC2014B","Pass"
"593123CCC2014B","Fail"
"594371CCC2014B","Pass"
"594374FFF2014B","Pass"
"594636FFF2014B","Fail"
"595102GGG2014B","Pass"
"595182CCC2014B","Pass"
"595193DDD2014B","Pass"
"595343GGG2014B","Pass"
"595428FFF2014B","Pass"
"595514CCC2014B","Pass"
"595685CCC2014B","Fail"
"595935FFF2014B","Pass"
"595986CCC2014B","Fail"
"596035CCC2014B","Pass"
"596439DDD2014B","Pass"
"596699FFF2014B","Pass"
"596953FFF2014B","Fail"
"597234FFF2014B","Pass"
"59725BBB2014B","Pass"
"597882BBB2014B","Pass"
"597909EEE2014B","Fail"
"598017GGG2014B","Pass"
"598250BBB2014B","Fail"
"598624BBB2014B","Pass"
"599161BBB2014B","Pass"
"599202BBB2014B","Pass"
"599263EEE2014B","Fail"
"599275CCC2014B","Pass"
"599398FFF2014B","Pass"
"599769BBB2014B","Fail"
"600130DDD2014B","Fail"
"600142CCC2014B","Fail"
"600547CCC2014B","Fail"
"600670DDD2014B","Fail"
"600767DDD2014B","Pass"
"600891DDD2014B","Pass"
"601043EEE2014B","Pass"
"601211EEE2014B","Pass"
"601560FFF2014B","Pass"
"602672FFF2014B","Fail"
"602854FFF2014B","Pass"
"602929BBB2014B","Fail"
"602991BBB2014B","Pass"
"603112BBB2014B","Pass"
"603319FFF2014B","Fail"
"603477CCC2014B","Pass"
"603531EEE2014B","Fail"
"603639CCC2014B","Pass"
"603832EEE2014B","Fail"
"604106BBB2014B","Pass"
"604293FFF2014B","Pass"
"604338FFF2014B","Pass"
"604504GGG2014B","Pass"
"604571EEE2014B","Fail"
"604723CCC2014B","Pass"
"604962BBB2014B","Pass"
"604997CCC2014B","Pass"
"605180CCC2014B","Fail"
"605375GGG2014B","Fail"
"605556GGG2014B","Pass"
"605695DDD2014B","Fail"
"605703CCC2014B","Pass"
"605781DDD2014B","Fail"
"605996BBB2014B","Fail"
"606175GGG2014B","Pass"
"606206CCC2014B","Pass"
"606282CCC2014B","Fail"
"606407FFF2014B","Fail"
"606634BBB2014B","Pass"
"606690BBB2014B","Pass"
"606858GGG2014B","Pass"
"606967FFF2014B","Fail"
"606977FFF2014B","Pass"
"607220BBB2014B","Pass"
"607411CCC2014B","Fail"
"607413EEE2014B","Fail"
"607462DDD2014B","Fail"
"607896FFF2014B","Pass"
"608164BBB2014B","Pass"
"608243CCC2014B","Pass"
"608472CCC2014B","Fail"
"608504CCC2014B","Fail"
"608753CCC2014B","Pass"
"609019DDD2014B","Fail"
"609326GGG2014B","Pass"
"609354DDD2014B","Fail"
"609383EEE2014B","Pass"
"609450EEE2014B","Fail"
"609596BBB2014B","Pass"
"609645CCC2014B","Pass"
"609645EEE2014B","Pass"
"609852DDD2014B","Pass"
"610234EEE2014B","Pass"
"610273FFF2014B","Pass"
"610391CCC2014B","Pass"
"610398GGG2014B","Pass"
"610577CCC2014B","Fail"
"610759BBB2014B","Pass"
"610778FFF2014B","Pass"
"611377DDD2014B","Pass"
"611502EEE2014B","Pass"
"611612GGG2014B","Pass"
"611813FFF2014B","Pass"
"611910DDD2014B","Fail"
"611974BBB2014B","Fail"
"611983DDD2014B","Fail"
"612397CCC2014B","Fail"
"612535FFF2014B","Pass"
"612545FFF2014B","Pass"
"612563DDD2014B","Fail"
"612598FFF2014B","Fail"
"612644CCC2014B","Pass"
"612644EEE2014B","Pass"
"612841BBB2014B","Pass"
"612919BBB2014B","Pass"
"612929GGG2014B","Pass"
"613093BBB2014B","Pass"
"613131GGG2014B","Pass"
"613133CCC2014B","Pass"
"613152FFF2014B","Fail"
"613199BBB2014B","Pass"
"613213EEE2014B","Pass"
"613226FFF2014B","Fail"
"613299BBB2014B","Pass"
"613300GGG2014B","Pass"
"613313DDD2014B","Pass"
"613370DDD2014B","Pass"
"613447FFF2014B","Fail"
"613464FFF2014B","Pass"
"613717FFF2014B","Fail"
"613832BBB2014B","Fail"
"613842BBB2014B","Fail"
"613865FFF2014B","Pass"
"613874BBB2014B","Pass"
"613932BBB2014B","Fail"
"614234EEE2014B","Pass"
"614245EEE2014B","Pass"
"614381FFF2014B","Fail"
"614419GGG2014B","Pass"
"614582GGG2014B","Pass"
"614601BBB2014B","Pass"
"614633DDD2014B","Fail"
"614733FFF2014B","Fail"
"614734BBB2014B","Pass"
"614742BBB2014B","Pass"
"614764FFF2014B","Pass"
"614804DDD2014B","Fail"
"614812FFF2014B","Pass"
"614813BBB2014B","Fail"
"614973FFF2014B","Fail"
"615028BBB2014B","Pass"
"615031CCC2014B","Fail"
"615090BBB2014B","Pass"
"615229EEE2014B","Pass"
"615242EEE2014B","Fail"
"615249CCC2014B","Fail"
"615438DDD2014B","Fail"
"616354BBB2014B","Fail"
"616407CCC2014B","Fail"
"616439EEE2014B","Fail"
"616511BBB2014B","Pass"
"616526BBB2014B","Fail"
"616706GGG2014B","Pass"
"616728GGG2014B","Fail"
"616794FFF2014B","Pass"
"616851GGG2014B","Pass"
"616866GGG2014B","Pass"
"617147BBB2014B","Fail"
"617318FFF2014B","Pass"
"617355EEE2014B","Pass"
"617470GGG2014B","Pass"
"617556BBB2014B","Fail"
"617678FFF2014B","Pass"
"617699DDD2014B","Pass"
"617717BBB2014B","Fail"
"617781CCC2014B","Pass"
"617792BBB2014B","Pass"
"617801DDD2014B","Pass"
"617805FFF2014B","Pass"
"617813BBB2014B","Pass"
"617976FFF2014B","Pass"
"617998FFF2014B","Pass"
"618197BBB2014B","Fail"
"618265BBB2014B","Fail"
"618293FFF2014B","Pass"
"618397FFF2014B","Pass"
"618606CCC2014B","Fail"
"618861CCC2014B","Fail"
"618903FFF2014B","Fail"
"618937DDD2014B","Pass"
"618951BBB2014B","Pass"
"618965BBB2014B","Fail"
"619303CCC2014B","Pass"
"619471BBB2014B","Pass"
"619851DDD2014B","Fail"
"620073BBB2014B","Pass"
"620126BBB2014B","Fail"
"620179GGG2014B","Pass"
"620283BBB2014B","Fail"
"620304BBB2014B","Fail"
"620317GGG2014B","Pass"
"620369EEE2014B","Pass"
"620399FFF2014B","Fail"
"620408BBB2014B","Pass"
"620522GGG2014B","Fail"
"620590GGG2014B","Pass"
"620630DDD2014B","Pass"
"620646CCC2014B","Pass"
"620726GGG2014B","Pass"
"620819FFF2014B","Pass"
"620916EEE2014B","Fail"
"620925DDD2014B","Fail"
"620974CCC2014B","Fail"
"620977CCC2014B","Fail"
"620980BBB2014B","Pass"
"621004DDD2014B","Fail"
"621300DDD2014B","Pass"
"621342GGG2014B","Fail"
"621352DDD2014B","Fail"
"621436FFF2014B","Pass"
"621464FFF2014B","Fail"
"621508BBB2014B","Fail"
"621655CCC2014B","Fail"
"621655EEE2014B","Fail"
"621656CCC2014B","Pass"
"621716GGG2014B","Pass"
"621905BBB2014B","Pass"
"621923GGG2014B","Pass"
"621937BBB2014B","Fail"
"622037EEE2014B","Fail"
"622096FFF2014B","Pass"
"622345BBB2014B","Pass"
"622352GGG2014B","Pass"
"622368EEE2014B","Pass"
"622382GGG2014B","Pass"
"622541DDD2014B","Pass"
"622570GGG2014B","Pass"
"622652CCC2014B","Pass"
"622720BBB2014B","Fail"
"622766BBB2014B","Pass"
"62278CCC2014B","Pass"
"622812EEE2014B","Pass"
"622867BBB2014B","Pass"
"622976FFF2014B","Pass"
"622982BBB2014B","Pass"
"623001BBB2014B","Fail"
"623010GGG2014B","Pass"
"623055BBB2014B","Pass"
"623079EEE2014B","Pass"
"623352FFF2014B","Fail"
"623406BBB2014B","Fail"
"623433FFF2014B","Pass"
"623442GGG2014B","Pass"
"623495GGG2014B","Pass"
"623496FFF2014B","Pass"
"623585DDD2014B","Pass"
"623609CCC2014B","Fail"
"623609EEE2014B","Fail"
"623622BBB2014B","Fail"
"623687FFF2014B","Pass"
"623778GGG2014B","Pass"
"623786FFF2014B","Fail"
"623940EEE2014B","Fail"
"624014FFF2014B","Pass"
"624069BBB2014B","Pass"
"624126CCC2014B","Fail"
"624156DDD2014B","Fail"
"624187FFF2014B","Fail"
"624197FFF2014B","Pass"
"624327GGG2014B","Fail"
"624376FFF2014B","Fail"
"624384EEE2014B","Fail"
"624441EEE2014B","Pass"
"624499FFF2014B","Pass"
"624522GGG2014B","Pass"
"624569GGG2014B","Pass"
"624585DDD2014B","Fail"
"624591FFF2014B","Pass"
"624677BBB2014B","Fail"
"624704BBB2014B","Fail"
"624730DDD2014B","Fail"
"624767GGG2014B","Pass"
"624795GGG2014B","Pass"
"624810CCC2014B","Pass"
"624839DDD2014B","Pass"
"624875CCC2014B","Pass"
"624881DDD2014B","Pass"
"624912GGG2014B","Pass"
"624946FFF2014B","Pass"
"624970CCC2014B","Pass"
"624972BBB2014B","Pass"
"624975FFF2014B","Fail"
"625035DDD2014B","Pass"
"625080DDD2014B","Fail"
"625098DDD2014B","Fail"
"625108CCC2014B","Pass"
"625174EEE2014B","Pass"
"625182FFF2014B","Fail"
"625213EEE2014B","Fail"
"625218DDD2014B","Pass"
"625251BBB2014B","Pass"
"625306FFF2014B","Pass"
"625390BBB2014B","Pass"
"625476EEE2014B","Pass"
"625527CCC2014B","Pass"
"625527EEE2014B","Pass"
"625545GGG2014B","Pass"
"625609FFF2014B","Fail"
"625651GGG2014B","Pass"
"625722GGG2014B","Pass"
"625794FFF2014B","Pass"
"625822CCC2014B","Pass"
"625857BBB2014B","Pass"
"625875GGG2014B","Pass"
"625902DDD2014B","Fail"
"625912GGG2014B","Pass"
"625953EEE2014B","Pass"
"625983DDD2014B","Fail"
"626046BBB2014B","Pass"
"626103FFF2014B","Pass"
"626138BBB2014B","Pass"
"626145GGG2014B","Pass"
"626146DDD2014B","Pass"
"626159GGG2014B","Pass"
"626183CCC2014B","Fail"
"626198FFF2014B","Pass"
"626231FFF2014B","Pass"
"626287GGG2014B","Fail"
"626296EEE2014B","Pass"
"626306GGG2014B","Pass"
"626349FFF2014B","Fail"
"626379GGG2014B","Pass"
"626386BBB2014B","Pass"
"626419FFF2014B","Pass"
"626491BBB2014B","Pass"
"626556DDD2014B","Pass"
"626607DDD2014B","Fail"
"626614CCC2014B","Pass"
"626692FFF2014B","Fail"
"626714EEE2014B","Pass"
"626841BBB2014B","Pass"
"626843BBB2014B","Fail"
"626852DDD2014B","Fail"
"626877CCC2014B","Pass"
"626889DDD2014B","Fail"
"626951BBB2014B","Pass"
"626966BBB2014B","Pass"
"626982GGG2014B","Pass"
"626987FFF2014B","Pass"
"627027BBB2014B","Pass"
"627050GGG2014B","Fail"
"627061FFF2014B","Pass"
"627066CCC2014B","Fail"
"627115BBB2014B","Pass"
"627145FFF2014B","Pass"
"627168EEE2014B","Fail"
"627176FFF2014B","Pass"
"627264GGG2014B","Pass"
"627307FFF2014B","Pass"
"627333DDD2014B","Fail"
"627366FFF2014B","Fail"
"627388BBB2014B","Pass"
"627461EEE2014B","Fail"
"627471EEE2014B","Fail"
"627500CCC2014B","Fail"
"627500EEE2014B","Fail"
"627520CCC2014B","Fail"
"627530GGG2014B","Pass"
"627549BBB2014B","Pass"
"627595FFF2014B","Pass"
"627635CCC2014B","Fail"
"627685BBB2014B","Fail"
"627692FFF2014B","Pass"
"627711EEE2014B","Pass"
"627727FFF2014B","Fail"
"627750EEE2014B","Pass"
"627764GGG2014B","Fail"
"627784CCC2014B","Fail"
"627808FFF2014B","Fail"
"627812GGG2014B","Fail"
"627821GGG2014B","Pass"
"627834GGG2014B","Pass"
"627882DDD2014B","Pass"
"627933CCC2014B","Fail"
"627947CCC2014B","Fail"
"627973GGG2014B","Fail"
"628004FFF2014B","Pass"
"628086CCC2014B","Pass"
"628152FFF2014B","Pass"
"628183BBB2014B","Fail"
"628214CCC2014B","Fail"
"628347DDD2014B","Pass"
"628361FFF2014B","Pass"
"628376DDD2014B","Pass"
"628423BBB2014B","Pass"
"628506CCC2014B","Pass"
"628525BBB2014B","Fail"
"628630GGG2014B","Fail"
"628655BBB2014B","Fail"
"628663CCC2014B","Pass"
"628669GGG2014B","Pass"
"628677EEE2014B","Fail"
"628718EEE2014B","Fail"
"628725FFF2014B","Fail"
"628777EEE2014B","Fail"
"628835DDD2014B","Pass"
"628881GGG2014B","Pass"
"629055DDD2014B","Pass"
"629060BBB2014B","Pass"
"629103BBB2014B","Pass"
"629163FFF2014B","Fail"
"629270CCC2014B","Fail"
"629405DDD2014B","Pass"
"629454DDD2014B","Fail"
"629461BBB2014B","Fail"
"629500EEE2014B","Pass"
"629541FFF2014B","Pass"
"629655FFF2014B","Fail"
"629694CCC2014B","Fail"
"629696CCC2014B","Pass"
"629745GGG2014B","Fail"
"629753EEE2014B","Pass"
"629766CCC2014B","Pass"
"629772GGG2014B","Pass"
"629773CCC2014B","Fail"
"629822DDD2014B","Fail"
"629853GGG2014B","Pass"
"629862CCC2014B","Pass"
"629890CCC2014B","Fail"
"629891BBB2014B","Pass"
"629906EEE2014B","Fail"
"629921DDD2014B","Pass"
"629928FFF2014B","Pass"
"629961GGG2014B","Fail"
"629993FFF2014B","Pass"
"630086EEE2014B","Pass"
"630165EEE2014B","Fail"
"630178DDD2014B","Fail"
"630240GGG2014B","Fail"
"630242GGG2014B","Fail"
"630301DDD2014B","Fail"
"630333BBB2014B","Pass"
"630401DDD2014B","Fail"
"630479FFF2014B","Pass"
"630497BBB2014B","Fail"
"630540EEE2014B","Fail"
"630549BBB2014B","Fail"
"630574FFF2014B","Fail"
"630585CCC2014B","Fail"
"630608BBB2014B","Pass"
"630657CCC2014B","Fail"
"630671FFF2014B","Pass"
"630696EEE2014B","Fail"
"630762GGG2014B","Fail"
"630770GGG2014B","Pass"
"630774DDD2014B","Pass"
"630854FFF2014B","Pass"
"630863GGG2014B","Pass"
"630888CCC2014B","Fail"
"630912FFF2014B","Pass"
"630966FFF2014B","Pass"
"631075CCC2014B","Fail"
"631086BBB2014B","Pass"
"631111FFF2014B","Fail"
"631132BBB2014B","Fail"
"631201GGG2014B","Pass"
"631299DDD2014B","Fail"
"631300FFF2014B","Fail"
"631341BBB2014B","Pass"
"631355DDD2014B","Fail"
"631356EEE2014B","Pass"
"631384BBB2014B","Pass"
"631444BBB2014B","Fail"
"631445BBB2014B","Pass"
"631467FFF2014B","Pass"
"631513DDD2014B","Fail"
"631515BBB2014B","Pass"
"631563BBB2014B","Pass"
"631613BBB2014B","Pass"
"631639DDD2014B","Pass"
"631650BBB2014B","Pass"
"631693GGG2014B","Fail"
"631699CCC2014B","Pass"
"631756GGG2014B","Fail"
"631766BBB2014B","Pass"
"631777BBB2014B","Pass"
"631786GGG2014B","Pass"
"631788GGG2014B","Fail"
"631851DDD2014B","Pass"
"631884FFF2014B","Pass"
"631913FFF2014B","Pass"
"631925CCC2014B","Fail"
"631981CCC2014B","Pass"
"632037CCC2014B","Fail"
"632044FFF2014B","Pass"
"632074EEE2014B","Pass"
"632111CCC2014B","Pass"
"632111EEE2014B","Pass"
"632114FFF2014B","Pass"
"632115DDD2014B","Fail"
"632133EEE2014B","Fail"
"632135CCC2014B","Fail"
"632231BBB2014B","Fail"
"632314DDD2014B","Fail"
"632339FFF2014B","Pass"
"632454BBB2014B","Pass"
"632470BBB2014B","Fail"
"632483GGG2014B","Pass"
"632544FFF2014B","Pass"
"632559GGG2014B","Pass"
"632571CCC2014B","Fail"
"632574BBB2014B","Fail"
"632577GGG2014B","Fail"
"632675GGG2014B","Pass"
"632712BBB2014B","Pass"
"632725DDD2014B","Fail"
"632790DDD2014B","Pass"
"632800EEE2014B","Fail"
"632848FFF2014B","Pass"
"632977EEE2014B","Fail"
"633026GGG2014B","Pass"
"633100FFF2014B","Fail"
"633162BBB2014B","Fail"
"633205FFF2014B","Pass"
"633219FFF2014B","Pass"
"633250CCC2014B","Pass"
"633257BBB2014B","Fail"
"633325DDD2014B","Fail"
"633328FFF2014B","Pass"
"633378BBB2014B","Fail"
"633395CCC2014B","Fail"
"633397FFF2014B","Fail"
"633411FFF2014B","Fail"
"633467DDD2014B","Pass"
"633603BBB2014B","Pass"
"633608GGG2014B","Fail"
"633637EEE2014B","Fail"
"633643GGG2014B","Pass"
"633650BBB2014B","Pass"
"633660GGG2014B","Pass"
"633669BBB2014B","Pass"
"633683GGG2014B","Pass"
"633732FFF2014B","Fail"
"633745FFF2014B","Pass"
"633763DDD2014B","Pass"
"633764DDD2014B","Pass"
"633840FFF2014B","Fail"
"633881FFF2014B","Fail"
"633913CCC2014B","Fail"
"633942CCC2014B","Pass"
"634057FFF2014B","Pass"
"634061GGG2014B","Pass"
"634114FFF2014B","Pass"
"634128CCC2014B","Pass"
"634176CCC2014B","Fail"
"634216CCC2014B","Pass"
"634265BBB2014B","Pass"
"634280BBB2014B","Pass"
"634316GGG2014B","Pass"
"634351DDD2014B","Pass"
"634360DDD2014B","Pass"
"634433EEE2014B","Fail"
"634472BBB2014B","Pass"
"634483BBB2014B","Pass"
"634500FFF2014B","Pass"
"634530GGG2014B","Pass"
"634539FFF2014B","Fail"
"634600EEE2014B","Fail"
"634606BBB2014B","Pass"
"634648DDD2014B","Pass"
"634701FFF2014B","Fail"
"634751GGG2014B","Pass"
"634824DDD2014B","Pass"
"634876BBB2014B","Fail"
"634905DDD2014B","Pass"
"634968GGG2014B","Fail"
"635035GGG2014B","Pass"
"635052GGG2014B","Pass"
"635113BBB2014B","Pass"
"635122BBB2014B","Pass"
"635230BBB2014B","Pass"
"635233GGG2014B","Pass"
"635244BBB2014B","Pass"
"635432BBB2014B","Fail"
"635435BBB2014B","Pass"
"64296EEE2014B","Fail"
"64767DDD2014B","Fail"
"67781DDD2014B","Pass"
"69491DDD2013B","Pass"
"69703CCC2014B","Pass"
"70608BBB2013B","Pass"
"74113FFF2013B","Fail"
"74524FFF2014B","Fail"
"74734BBB2013B","Pass"
"75728CCC2014B","Fail"
"77763DDD2013B","Pass"
"77845FFF2014B","Fail"
"79461CCC2014B","Fail"
"80329CCC2014B","Fail"
"82817FFF2013B","Pass"
"83219EEE2014B","Pass"
"84299CCC2014B","Fail"
"85874FFF2014B","Pass"
"87732BBB2013B","Pass"
"88490DDD2014B","Pass"
"909056DDD2014B","Pass"
"92274BBB2013B","Fail"
"92832BBB2013B","Pass"
"962951FFF2013B","Fail"
"96423GGG2014B","Pass"
"96592DDD2013B","Pass"
"97006BBB2014B","Pass"
"97154BBB2013B","Pass"
"98313BBB2013B","Pass"
"996047EEE2014B","Pass"
